Variable,Coefficient,Impact,Importance
State_Florida,881.5717237513446,Positif,881.5717237513446
State_New York,-52.058399732373324,Négatif,52.058399732373324
R&D Spend,0.8051696954524042,Positif,0.8051696954524042
Administration,-0.06885930071079377,Négatif,0.06885930071079377
Marketing Spend,0.02968461853573361,Positif,0.02968461853573361
